{"initial_reset_timestamp": 177304.8105465, "timestamps": [177305.4502583, 177306.0862843, 177307.632132, 177308.2682729, 177309.8156295], "episode_lengths": [1001, 1001, 1001, 1001, 1001], "episode_rewards": [-78745391.58063139, -266088.8473324972, -267944.9339925956, -267944.9339925956, -267944.9339925956], "episode_types": ["t", "t", "t", "t", "t", "t"]}